Mon super auteur,Ma super description
Mon super auteur,Ma super description
Mon super auteur,Ma super description
Mon super auteur,Ma super description
Mon super auteur,Ma super description
Mon super auteur,Ma super description
Mon super auteur,Ma super description
"",""
José,Josiane est nulle
,
,
,
,
,
,
,
,
,
José,Josiane sucks
Super author,super gossip
José,Josiane sucks
"",""
super_auteur,super gossip
Kkkklllopop,
First,
First,
First,
First,
IOP,
IOP,
IOP,
Truy,
Truy,Hin
Truy,Hin
ffg,gs
ffg,gs
ffg,gs
wrt,sdfg
sfh,asfg
you,lose!
24356,34543634
